Title;Link;Price USA;Price UAH;City
SEAT Tarraco 2019;https://auto.ria.com/uk/newauto/auto-seat-tarraco-1842768.html;42 179 $;1 205 602 грн;ќдеса
SEAT Leon 2019;https://auto.ria.com/uk/newauto/auto-seat-leon-1842680.html;22 511 $;643 432 грн;ќдеса
SEAT Tarraco 2019;https://auto.ria.com/uk/newauto/auto-seat-tarraco-1836287.html;43 450 $;1 241 914 грн;ƒн≥про (ƒн≥пропетровськ)
SEAT Ibiza 2019;https://auto.ria.com/uk/newauto/auto-seat-ibiza-1844195.html;15 660 $;447 616 грн;ќдеса
SEAT Leon 2019;https://auto.ria.com/uk/newauto/auto-seat-leon-1841360.html;22 447 $;641 598 грн;Ћьв≥в
SEAT Arona 2019;https://auto.ria.com/uk/newauto/auto-seat-arona-1842958.html;25 198 $;720 230 грн;ќдеса
SEAT Ibiza 2019;https://auto.ria.com/uk/newauto/auto-seat-ibiza-1835277.html;15 545 $;444 311 грн; ињв
SEAT Arona 2020;https://auto.ria.com/uk/newauto/auto-seat-arona-1835283.html;18 158 $;519 018 грн; ињв
SEAT Tarraco 2019;https://auto.ria.com/uk/newauto/auto-seat-tarraco-1835300.html;39 073 $;1 116 803 грн; ињв
SEAT Tarraco 2019;https://auto.ria.com/uk/newauto/auto-seat-tarraco-1836270.html;46 588 $;1 331 601 грн;ƒн≥про (ƒн≥пропетровськ)
SEAT Tarraco 2019;https://auto.ria.com/uk/newauto/auto-seat-tarraco-1838937.html;41 931 $;1 198 501 грн; ињв
SEAT Tarraco 2019;https://auto.ria.com/uk/newauto/auto-seat-tarraco-1842766.html;40 764 $;1 165 159 грн;ќдеса
SEAT Arona 2019;https://auto.ria.com/uk/newauto/auto-seat-arona-1826105.html;22 095 $;631 544 грн;ƒн≥про (ƒн≥пропетровськ)
SEAT Leon 2019;https://auto.ria.com/uk/newauto/auto-seat-leon-1817668.html;33 048 $;944 589 грн;ќдеса
SEAT Leon 2019;https://auto.ria.com/uk/newauto/auto-seat-leon-1826108.html;28 769 $;822 305 грн;ƒн≥про (ƒн≥пропетровськ)
SEAT Leon 2019;https://auto.ria.com/uk/newauto/auto-seat-leon-1814353.html;22 331 $;638 268 грн; ињв
SEAT Arona 2020;https://auto.ria.com/uk/newauto/auto-seat-arona-1845676.html;22 970 $;656 546 грн; ињв
SEAT Ateca 2020;https://auto.ria.com/uk/newauto/auto-seat-ateca-1833026.html;31 699 $;906 034 грн; ињв
SEAT Arona 2020;https://auto.ria.com/uk/newauto/auto-seat-arona-1814336.html;21 229 $;606 774 грн; ињв
SEAT Ateca 2020;https://auto.ria.com/uk/newauto/auto-seat-ateca-1845708.html;29 695 $;848 772 грн; ињв
SEAT Ateca 2020;https://auto.ria.com/uk/newauto/auto-seat-ateca-1845709.html;29 974 $;856 729 грн; ињв
SEAT Ateca 2020;https://auto.ria.com/uk/newauto/auto-seat-ateca-1845714.html;29 650 $;847 473 грн; ињв
SEAT Ateca 2020;https://auto.ria.com/uk/newauto/auto-seat-ateca-1845342.html;27 624 $;789 566 грн;ƒн≥про (ƒн≥пропетровськ)
SEAT Arona 2020;https://auto.ria.com/uk/newauto/auto-seat-arona-1845721.html;21 509 $;614 798 грн; ињв
SEAT Arona 2020;https://auto.ria.com/uk/newauto/auto-seat-arona-1845720.html;20 595 $;588 664 грн; ињв
SEAT Ateca 2020;https://auto.ria.com/uk/newauto/auto-seat-ateca-1849482.html;28 613 $;817 847 грн;ƒн≥про (ƒн≥пропетровськ)
SEAT Ibiza 2019;https://auto.ria.com/uk/newauto/auto-seat-ibiza-1846411.html;18 267 $;522 128 грн;ƒн≥про (ƒн≥пропетровськ)
SEAT Arona 2020;https://auto.ria.com/uk/newauto/auto-seat-arona-1848116.html;21 418 $;612 190 грн;ƒн≥про (ƒн≥пропетровськ)
SEAT Ibiza 2019;https://auto.ria.com/uk/newauto/auto-seat-ibiza-1846410.html;16 737 $;478 392 грн;ƒн≥про (ƒн≥пропетровськ)
SEAT Arona 2019;https://auto.ria.com/uk/newauto/auto-seat-arona-1844979.html;21 960 $;627 685 грн;ƒн≥про (ƒн≥пропетровськ)
SEAT Ateca 2020;https://auto.ria.com/uk/newauto/auto-seat-ateca-1845713.html;31 699 $;906 034 грн; ињв
SEAT Ateca 2020;https://auto.ria.com/uk/newauto/auto-seat-ateca-1845712.html;27 690 $;791 444 грн; ињв
SEAT Ateca 2020;https://auto.ria.com/uk/newauto/auto-seat-ateca-1833027.html;27 645 $;790 178 грн; ињв
SEAT Tarraco 2020;https://auto.ria.com/uk/newauto/auto-seat-tarraco-1845726.html;35 732 $;1 021 323 грн; ињв
SEAT Arona 2020;https://auto.ria.com/uk/newauto/auto-seat-arona-1845717.html;18 158 $;519 018 грн; ињв
SEAT Ateca 2020;https://auto.ria.com/uk/newauto/auto-seat-ateca-1845705.html;27 645 $;790 178 грн; ињв
SEAT Arona 2020;https://auto.ria.com/uk/newauto/auto-seat-arona-1845719.html;22 970 $;656 546 грн; ињв
SEAT Tarraco 2020;https://auto.ria.com/uk/newauto/auto-seat-tarraco-1845725.html;34 845 $;995 954 грн; ињв
SEAT Tarraco 2020;https://auto.ria.com/uk/newauto/auto-seat-tarraco-1845724.html;30 881 $;882 663 грн; ињв
SEAT Ibiza 2020;https://auto.ria.com/uk/newauto/auto-seat-ibiza-1845723.html;17 235 $;492 617 грн; ињв
SEAT Ibiza 2020;https://auto.ria.com/uk/newauto/auto-seat-ibiza-1845722.html;15 768 $;450 703 грн; ињв
SEAT Arona 2020;https://auto.ria.com/uk/newauto/auto-seat-arona-1845718.html;21 229 $;606 774 грн; ињв
SEAT Leon 2019;https://auto.ria.com/uk/newauto/auto-seat-leon-1839741.html;22 787 $;651 319 грн;Ћьв≥в
SEAT Leon 2019;https://auto.ria.com/uk/newauto/auto-seat-leon-1817940.html;22 270 $;636 523 грн;’арк≥в
SEAT Ateca 2018;https://auto.ria.com/uk/newauto/auto-seat-ateca-1835402.html;32 537 $;930 000 грн;’арк≥в
SEAT Leon 2019;https://auto.ria.com/uk/newauto/auto-seat-leon-1839856.html;22 609 $;646 217 грн;’арк≥в
SEAT Ateca 2019;https://auto.ria.com/uk/newauto/auto-seat-ateca-1840877.html;35 979 $;1 028 381 грн;Ћьв≥в
SEAT Arona 2019;https://auto.ria.com/uk/newauto/auto-seat-arona-1842658.html;25 532 $;729 787 грн;Ћьв≥в
SEAT Tarraco 2019;https://auto.ria.com/uk/newauto/auto-seat-tarraco-1822756.html;39 530 $;1 129 883 грн;’арк≥в
SEAT Tarraco 2019;https://auto.ria.com/uk/newauto/auto-seat-tarraco-1847862.html;42 743 $;1 221 699 грн;’арк≥в
SEAT Leon 2019;https://auto.ria.com/uk/newauto/auto-seat-leon-1841360.html;22 447 $;641 598 грн;Ћьв≥в
SEAT Tarraco 2020;https://auto.ria.com/uk/newauto/auto-seat-tarraco-1849627.html;41 466 $;1 185 218 грн;Ћьв≥в
SEAT Tarraco 2019;https://auto.ria.com/uk/newauto/auto-seat-tarraco-1838535.html;39 756 $;1 136 346 грн;Ћьв≥в
SEAT Ibiza 2019;https://auto.ria.com/uk/newauto/auto-seat-ibiza-1835399.html;15 502 $;443 090 грн;’арк≥в
SEAT Tarraco 2019;https://auto.ria.com/uk/newauto/auto-seat-tarraco-1832785.html;39 756 $;1 136 346 грн;Ћьв≥в
SEAT Leon 2019;https://auto.ria.com/uk/newauto/auto-seat-leon-1805542.html;31 055 $;887 623 грн;Ћьв≥в
